"id","trip","mm","dd","dbh","tnlc","cii","nl","lblade","ldm","sp","dbh0","larea","aldm"
240812,10,10,5,2.076,70,1,3,"bipinnate",1.77,"Abarema piresii",20,0.8073732945546,0.59
100569,8,8,18,2.482,105,1,3,"compound",2.04,"Allophylus latifolius",24,36.8030491961821,0.68
100509,8,8,18,1.59,49,1,4,"simple",3.04,"Amaioua guianensis",13,110.958263702172,0.76
100577,8,8,18,1.574,66,1,5,"simple",3.07,"Amaioua guianensis",14,89.1564170694746,0.614
230438,6,7,26,1.588,36,2,6,"simple",5.03,"Amaioua guianensis",15,122.968818862521,0.838333333333333
113296,9,9,15,0.95,112,1,10,"simple",1.86,"Amaioua sp.1.FITO",10,33.978164184632,0.186
240829,10,10,5,1.583,40,1,6,"simple",8.42,"Ampelocera edentula",15,210.210126851276,1.40333333333333
111518,8,8,17,1.963,171,1,5,"simple",3.06,"Amphirrhox longifolia",15,81.9820540368275,0.612
113512,9,9,14,1.815,77,1,5,"simple",3.14,"Amphirrhox longifolia",16,86.2210326412591,0.628
113649,9,9,14,2.68,112,1,5,"simple",3.99,"Amphirrhox longifolia",29,115.205477239228,0.798
220944,7,8,5,1.371,77.5,1,5,"simple",3.33,"Amphirrhox longifolia",12,110.914339237295,0.666
113716,9,9,14,2.211,165,1.25,5,"simple",2.74,"Anacardium parvifolium",19,73.5567048773305,0.548
120344,8,8,16,2.31,136,1,5,"simple",4.64,"Anacardium parvifolium",16,156.702778942345,0.928
132938,10,10,7,1.611,24,1,5,"simple",3.29,"Anacardium parvifolium",11,313.956227395096,0.658
220931,7,8,5,3.012,200,1,8,"simple",3.82,"Anacardium parvifolium",27,77.9028244417226,0.4775
113715,9,9,14,3.34,583,1.25,5,"simple",1.93,"Anacardium spruceanum",28,61.1895583199169,0.386
113195,9,9,15,1.178,8,1,1,"compound",2.73,"Andira micrantha",12,47.7936819806641,2.73
90679,8,8,20,1.748,28,1,1,"compound",0.92,"Andira parviflora",16,30.7094784565852,0.92
240204,6,7,24,2.437,36,1,2,"odd-pinnate",3,"Andira sp.2.PP",25,51.1343727149306,1.5
111539,8,8,17,2.077,112,1,5,"simple",2.57,"Aniba canelilla",16,73.4259879854808,0.514
132607,8,8,22,2.048,192,1.5,5,"simple",1.99,"Aniba canelilla",19,57.3336849905247,0.398
220371,7,8,2,1.332,144,1,9,"simple",3.05,"Aniba canelilla",12,53.5804419813721,0.338888888888889
113749,9,9,14,3.354,133,1.75,5,"simple",1.83,"Aniba megaphylla",29,53.6504413207853,0.366
170165,10,10,7,2.178,43,1,5,"simple",7.7,"Aniba panurensis",22,150.144935935817,1.54
172330,10,10,4,1.863,264,1,10,"simple",3.54,"Aniba panurensis s.l.",17,50.0623407917699,0.354
220720,7,8,5,1.377,189,1,10,"simple",1,"Aniba sp.1.FITO",13,16.3655971078042,0.1
90356,8,8,19,1.701,162,1.25,5,"simple",1.26,"Aniba sp.p4.PP",16,24.4753052074256,0.252
113373,9,9,15,1.417,9,1,10,"simple",2.6,"Aniba sp.p5.PP",13,39.902337085674,0.26
122794,9,9,15,1.506,45,1.25,5,"simple",3.46,"Aniba terminalis",15,87.8952132582085,0.692
113548,9,9,14,2.908,130,1.5,2,"simple",7.84,"Aniba williamsii",22,377.842516296174,3.92
113624,9,9,14,2.567,117,1,5,"simple",3.09,"Aniba williamsii",26,77.1830710686633,0.618
113701,9,9,14,2.058,56,1.25,5,"simple",1.86,"Annona foetida",17,50.4437527678338,0.372
111806,8,8,16,2.016,73,1,3,"simple",6.66,"Aspidosperma carapanauba",16,223.559871647928,2.22
122745,9,9,15,1.764,115.5,1,5,"simple",8.33,"Aspidosperma carapanauba",12,162.614635626053,1.666
230474,6,7,26,2.544,930,1.5,11,"simple",4.27,"Aspidosperma spruceanum",25,41.5568197806256,0.388181818181818
242471,10,10,5,3.248,819,1.25,10,"simple",2.29,"Aspidosperma williamsii",29,52.7430646321878,0.229
122285,10,10,6,1.912,590,1,20,"simple",0.8,"Bocageopsis multiflora",17,9.51693982296035,0.04
202701,10,10,4,3.13,238,1,3,"compound",2.51,"Bocoa viridiflora",30,36.2600276724113,0.836666666666667
202731,10,10,4,1.506,20.5,1,2,"compound",3.93,"Bocoa viridiflora",15,94.3711097603297,1.965
122651,9,9,14,3.41,420,1,10,"simple",0.87,"Brosimum guianense",29,15.6032917586392,0.087
113192,9,9,15,3.328,64,1.25,6,"simple",7.27,"Brosimum parinarioides",30,145.701707363657,1.21166666666667
122049,10,10,6,2.566,290,1,10,"simple",1.46,"Brosimum rubescens",23,26.2194610427202,0.146
121957,10,10,6,1.403,396,1,15,"simple",1.78,"Brosimum sp.1.PP",14,22.6817342099849,0.118666666666667
122518,9,9,14,1.496,66,1.25,5,"simple",2.51,"Brosimum sp.3.FITO",10,81.0625058573039,0.502
113384,9,9,15,2.805,125,1,15,"simple",1.54,"Buchenavia congesta",29,24.1450057745101,0.102666666666667
113050,9,9,22,2.123,232,1,15,"simple",2.95,"Calyptranthes cuspidata",21,26.4335644667379,0.196666666666667
132921,10,10,7,1.422,186,1,11,"simple",5.76,"Calyptranthes paniculata",10,41.243546313218,0.523636363636364
100691,8,8,19,1.719,408,1,5,"simple",1.65,"Casearia javitensis",13,52.233396113213,0.33
122559,9,9,14,1.117,48,1,5,"simple",1.68,"Casearia javitensis",12,39.0061405121069,0.336
122758,9,9,15,3.75,264,1.5,6,"simple",4.04,"Casearia javitensis",28,107.84634441339,0.673333333333333
142643,10,10,7,2.509,30,1.25,16,"simple",1.49,"Casearia sylvestris",21,20.442464948836,0.093125
142743,10,10,7,1.2,44,1,20,"simple",1.43,"Casearia sylvestris",10,14.5635868908478,0.0715
113328,9,9,15,2.039,7,1.25,2,"simple",6.12,"Chimarrhis sp.A.PP",19,488.458574406252,3.06
142667,10,10,7,1.616,55,1.5,2,"simple",7.16,"Chromolucuma rubriflora",14,622.278364265346,3.58
113571,9,9,14,2.37,31,1,2,"simple",9.13,"Chrysophyllum amazonicum",20,412.778602867453,4.565
113158,9,9,22,1.534,48,1.75,2,"simple",2.49,"Chrysophyllum manaosense",16,190.636193721574,1.245
133208,10,10,7,2.32,99,1.5,2,"simple",3.47,"Chrysophyllum manaosense",16,514.8980991889,1.735
113580,9,9,14,2.829,300,1,5,"simple",3.57,"Chrysophyllum pomiferum",25,74.7596997272348,0.714
111798,8,8,16,1.484,174,1,10,"simple",1.7,"Chrysophyllum sparsiflorum",15,29.8329031658043,0.17
230303,6,7,26,1.44,110,2,12,"simple",2.3,"Chrysophyllum sparsiflorum",10,31.6213452819958,0.191666666666667
90658,8,8,20,1.619,135,1.25,5,"simple",2.1,"Compsoneura ulei",14,55.6239306224496,0.42
202662,10,10,4,2.683,66,1.25,3,"simple",8.72,"Conceveiba guianensis",13,406.132886810104,2.90666666666667
240025,6,7,21,2.034,121.5,1,1,"odd-pinnate",1.92,"Connarus erianthus",18,28.7158179117836,1.92
173561,10,10,4,0.624,49,1,7,"simple",3.57,"Cordia nodosa",10,102.357245628451,0.51
242315,10,10,5,1.732,18,1,2,"simple",5.15,"Cordia trachyphylla",27,303.67685334755,2.575
120579,8,8,16,1.895,630,1,10,"simple",2.24,"Cordiera myrciifolia",12,25.2078089770438,0.224
100486,8,8,18,1.893,98,1.5,5,"simple",4.22,"Corythophora alta",19,117.731879310625,0.844
112976,9,9,22,2.548,231,1,5,"simple",2.43,"Couepia guianensis",27,74.009235410364,0.486
122658,9,9,14,1.8,142.5,1,7,"simple",1.73,"Couepia guianensis",17,37.0741091238199,0.247142857142857
220342,7,8,2,1.901,160,1,7,"simple",3.04,"Couepia longipendula",15,49.6659062145392,0.434285714285714
111776,8,8,16,1.233,196,1,10,"simple",0.99,"Couepia obovata",11,20.6429209740776,0.099
132571,8,8,23,1.886,33,1,2,"simple",3.38,"Coussarea ampla",17,272.511323888053,1.69
113617,9,9,14,2.008,432,1,10,"simple",2.2,"Coussarea sp.1.FITO",18,31.2588924654009,0.22
113116,9,9,22,2.002,217.5,1,5,"simple",1.75,"Coussarea sp.6.FITO",18,46.2644159162048,0.35
113213,9,9,15,2.111,440,1,10,"simple",2.65,"Coussarea sp.6.FITO",20,32.7010477047888,0.265
132566,8,8,23,3.358,399,1,4,"simple",1.74,"Coussarea sp.9.FITO",28,73.9859851128931,0.435
230379,6,7,26,1.827,115.5,1.5,5,"simple",3.11,"Coussarea sp.9.FITO",10,101.375986108488,0.622
90685,8,8,20,1.078,6,1,0.5,"compound",2.02,"Cupania hispida",10,81.4745093778924,4.04
220889,7,8,5,0.976,4,1.75,1,"compound",5.66,"Cupania hispida",10,132.199799978159,5.66
120771,8,8,16,1.898,13,1.75,0.5,"compound",4.2,"Cupania sp.1/rubiginosa/scrobicula.PFRD",13,113.094888611114,8.4
211103,7,8,5,2.315,26,1.5,1,"compound",6.07,"Cupania sp.1/rubiginosa/scrobicula.PFRD",17,90.6410567459778,6.07
220582,7,8,3,2.088,15,1.25,1,"compound",3.9,"Cupania sp.1/rubiginosa/scrobicula.PFRD",18,42.0847699703185,3.9
111675,8,8,16,1.77,61,1,4,"simple",8.72,"Cybianthus amplus",15,188.160564086266,2.18
112918,9,9,22,1.627,7,1,1,"compound",3.68,"Derris negrensis",17,109.763824595097,3.68
153641,10,10,7,1.469,11,1.5,1,"bipinnate",2.91,"Dimorphandra parviflora",13,1.75810235305035,2.91
113287,9,9,15,2.372,52,1,6,"simple",7.29,"Diospyros tarim/guianensis.FITO",23,138.273769191273,1.215
220667,7,8,3,1.64,7,1,1,"compound",4.86,"Dipteryx odorata",16,96.3672457297375,4.86
220507,7,8,3,1.743,90,1,5,"simple",3.07,"Drypetes variabilis",18,75.6653975894976,0.614
100725,8,8,17,2.458,1530,1.5,15,"simple",0.75,"Duckesia verrucosa",18,10.7282012544507,0.05
230434,6,7,26,1.405,90,1,5,"simple",6.01,"Duguetia asterotricha",10,126.336790524726,1.202
90864,8,8,20,1.267,63,1,5,"simple",3.08,"Duguetia calycina",11,64.7148041698686,0.616
100504,8,8,18,1.221,90,1,5,"simple",3.11,"Duguetia calycina",10,68.0935868947627,0.622
220556,7,8,3,2.344,480,1,7,"simple",1.63,"Duguetia chrysea",20,36.6017014523858,0.232857142857143
132784,8,8,23,2.247,441,1.25,6,"simple",1.21,"Duguetia echinophora",21,35.684888946563,0.201666666666667
90678,8,8,20,1.938,162,1,5,"simple",1.99,"Duguetia flagellaris",18,54.624088231679,0.398
132552,8,8,22,1.647,264,1,5,"simple",2.29,"Duguetia flagellaris",16,62.4400523769792,0.458
132767,8,8,22,3.886,580,1.25,5,"simple",2.21,"Duguetia flagellaris",38,61.3250801285176,0.442
132829,8,8,23,1.668,52.5,1.5,5,"simple",3.21,"Duguetia flagellaris",16,73.8564911591923,0.642
153713,10,10,7,1.11,200,1.25,5,"simple",3.75,"Duguetia flagellaris",10,92.0980102606001,0.75
173548,10,10,4,1.906,210,1,5,"simple",3.95,"Duguetia flagellaris",18,101.444441699547,0.79
220042,7,8,2,1.638,180,1,5,"simple",2.46,"Duguetia flagellaris",13,69.6116945531528,0.492
230031,6,7,24,2.045,204,1,4,"simple",4.04,"Duguetia flagellaris",15,126.088125228386,1.01
230332,6,7,26,1.164,82.5,1.5,4,"simple",2.15,"Duguetia flagellaris",10,72.425237436499,0.5375
240015,6,7,21,1.555,152,1,5,"simple",2.75,"Duguetia flagellaris",12,80.2686091453444,0.55
230394,6,7,26,2.122,100,1.5,5,"simple",4.98,"Duguetia guianensis",16,150.61945041025,0.996
132691,8,8,23,1.64,110,1,5,"simple",2.4,"Duguetia stelechantha",12,59.1895840855594,0.48
210505,7,8,2,1.156,270,1,10,"simple",1.16,"Duguetia surinamensis",10,16.8524495085327,0.116
120776,8,8,16,1.847,8,1,2,"simple",6.7,"Duroia macrophylla",16,384.643825302828,3.35
230314,6,7,26,1.165,84,2,8,"simple",3.77,"Duroia sp.2.FITO",14,73.8733517857429,0.47125
220493,7,8,3,2.672,45,1.5,2,"simple",9.74,"Dystovomita brasiliensis",25,328.05236246023,4.87
122238,10,10,6,2.1,40.5,1,5,"simple",6.28,"Endlicheria bracteata",22,371.527263695003,1.256
132826,8,8,23,1.463,114,1.25,6,"simple",3.31,"Endlicheria sp.2.PP",14,60.5210019137441,0.551666666666667
230554,7,8,3,1.233,105,1.75,4,"simple",2.2,"Endlicheria sprucei",10,86.8542794220012,0.55
220923,7,8,5,2.719,240,1,5,"simple",4.73,"Endopleura uchi",27,125.552952298133,0.946
90821,8,8,19,1.55,10,1,1,"compound",2.31,"Eperua glabriflora",14,67.5036892914245,2.31
100773,8,8,18,2.177,30,1,1,"compound",3.78,"Eperua glabriflora",18,106.648455993587,3.78
230397,6,7,26,1.462,14,1.5,2,"compound",7.3,"Eperua glabriflora",15,127.900570219371,3.65
220578,7,8,3,1.496,41,1,3,"simple",3.26,"Erythroxylum macrophyllum",13,120.758943094196,1.08666666666667
220782,7,8,5,1.097,200,1.5,20,"simple",1.22,"Eschweilera amazoniciformis",11,7.02536719544672,0.061
90548,8,8,19,2.988,90,1.5,5,"simple",7.58,"Eschweilera atropetiolata",30,175.759773463169,1.516
100769,8,8,17,1.469,56,1,4,"simple",3.43,"Eschweilera atropetiolata",11,122.296492333416,0.8575
112881,9,9,22,1.87,71.5,1.5,5,"simple",8.84,"Eschweilera bracteosa",19,224.453132687516,1.768
113108,9,9,22,1.297,57,1.125,5,"simple",5.6,"Eschweilera bracteosa",13,131.236285983357,1.12
113460,9,9,15,1.323,60,1,5,"simple",8.33,"Eschweilera bracteosa",12,173.264038917661,1.666
111666,8,8,17,1.774,25,1.25,1,"simple",8.44,"Eschweilera coriacea",13,696.165211788649,8.44
113766,9,9,14,1.542,64,1.25,5,"simple",3.81,"Eschweilera coriacea",15,103.395223427771,0.762
220137,7,8,2,2.324,153,1.5,5,"simple",10.6,"Eschweilera coriacea",37,205.237550586791,2.12
230399,6,7,26,2.034,50,2,4,"simple",4.78,"Eschweilera coriacea",15,128.901660875412,1.195
111525,8,8,17,1.606,68,1,3,"simple",4.86,"Eschweilera grandiflora",12,166.125413659402,1.62
132286,8,8,22,1.471,56,1,2,"simple",2.63,"Eschweilera grandiflora",13,160.599023703293,1.315
220286,7,8,2,1.724,67.5,1.5,5,"simple",5.12,"Eschweilera grandiflora",15,122.125498082175,1.024
220734,7,8,5,1.386,26,1,3,"simple",2.77,"Eschweilera grandiflora",14,121.324533897284,0.923333333333333
220736,7,8,5,2.375,75,1,5,"simple",5.33,"Eschweilera grandiflora",25,112.879116009189,1.066
230020,6,7,24,1.317,110,1,5,"simple",6.75,"Eschweilera grandiflora",11,141.34710441964,1.35
230478,6,7,26,1.42,38,1.5,3,"simple",3.63,"Eschweilera grandiflora",12,162.660639326993,1.21
240005,6,7,21,1.475,187,1,5,"simple",4.12,"Eschweilera grandiflora",16,110.554665167737,0.824
113763,9,9,14,1.327,187.5,1.25,6,"simple",1.44,"Eschweilera pedicellata",12,35.1656105940864,0.24
132521,8,8,22,1.655,342,1,5,"simple",1.69,"Eschweilera pedicellata",15,58.4032203831446,0.338
220020,7,8,2,1.812,600,1,7,"simple",1.09,"Eschweilera pedicellata",14,24.7140810381676,0.155714285714286
220605,7,8,3,2.722,504,1,6,"simple",1.93,"Eschweilera pedicellata",25,38.6772280406029,0.321666666666667
220763,7,8,5,1.382,289,1,5,"simple",1.03,"Eschweilera pedicellata",11,38.3705310727515,0.206
90629,8,8,19,1.862,399,1,10,"simple",1.8,"Eschweilera pseudodecolorans",13,28.5709178319342,0.18
90665,8,8,20,1.455,64,1.25,5,"simple",2.82,"Eschweilera pseudodecolorans",11,77.5797227355063,0.564
112950,9,9,22,1.47,82.5,1,5,"simple",7.56,"Eschweilera truncata",12,150.19978724451,1.512
113041,9,9,22,1.954,119,1.125,5,"simple",4.62,"Eschweilera truncata",18,97.4975354594227,0.924
113507,9,9,14,2.812,480,1,5,"simple",3.45,"Eschweilera truncata",24,63.7565175550942,0.69
132517,8,8,22,2.807,617.5,1.25,5,"simple",1.45,"Eschweilera truncata",25,39.6137164462017,0.29
230026,6,7,24,2.28,562.5,1,5,"simple",0.83,"Eschweilera wachenheimii",18,25.5199693668032,0.166
230279,6,7,26,1.644,114,1.5,5,"simple",1.13,"Eschweilera wachenheimii",10,41.214853644953,0.226
240031,6,7,21,2.892,1152,1,7,"simple",3.1,"Eschweilera wachenheimii",28,48.6647199356928,0.442857142857143
240111,6,7,24,1.518,567,1,10,"simple",2.72,"Eschweilera wachenheimii",11,39.9226566733796,0.272
90979,8,8,20,1.658,23,1,5,"simple",11,"Eugenia agathopoda",16,160.486274595017,2.2
220133,7,8,2,2.143,504,1,5,"simple",1.06,"Eugenia coffeifolia",22,26.3888054129078,0.212
230528,6,7,26,1.047,279,1,10,"simple",1.62,"Eugenia coffeifolia",10,25.1701366929998,0.162
220323,7,8,2,1.312,17.5,2,5,"simple",7.24,"Eugenia cupulata",13,133.640727110598,1.448
220510,7,8,3,1.836,47,1.5,5,"simple",3.86,"Eugenia cupulata",18,96.1653578175952,0.772
230476,6,7,26,1.58,957,1.5,20,"simple",1.57,"Eugenia ferreiraeana",12,10.0236895204106,0.0785
90819,8,8,19,1.304,22,1,2,"simple",4.22,"Eugenia illepida",13,181.289038650586,2.11
153850,10,10,7,2.841,500,1,20,"simple",1.36,"Eugenia longiracemosa",22,11.4655396282881,0.068
90875,8,8,19,1.408,300,1,10,"simple",1.3,"Eugenia patrisii",10,19.6979660736016,0.13
100654,8,8,18,1.475,98,1.5,6,"simple",1.52,"Eugenia pseudopsidium",13,29.6981242860989,0.253333333333333
132819,8,8,23,1.553,165,1.25,10,"simple",1.9,"Eugenia pseudopsidium",14,22.0014894764331,0.19
132296,8,8,22,3.085,864,1,10,"simple",2.31,"Eugenia ramiflora",31,27.6865888238361,0.231
172384,10,10,4,1.45,60,1,8,"simple",2.48,"Eugenia sp.13.FITO",14,39.2963223877072,0.31
230346,6,7,26,1.529,286,1.5,7,"simple",5.17,"Eugenia sp.2.PFRD",22,56.2556407188651,0.738571428571429
170234,10,10,7,1.747,63,1,7,"simple",3.65,"Faramea sp.5.FITO",18,49.8906353136093,0.521428571428571
100305,8,8,18,2.29,140,1.5,5,"simple",3.2,"Fusaea longifolia",17,66.4985571504357,0.64
220231,7,8,2,1.205,60,1,5,"simple",2.39,"Fusaea longifolia",12,63.1130012296397,0.478
230373,6,7,26,2.803,407,2,6,"simple",2.31,"Fusaea longifolia",20,57.7469584853449,0.385
170228,10,10,7,2.443,192,1,6,"simple",5.58,"Garcinia acuminata",20,89.3657107525278,0.93
111508,8,8,17,1.21,6.5,1,1,"even-pinnate",2.34,"Guarea carinata",15,61.7370926945067,2.34
111672,8,8,17,1.856,24,1.25,0.5,"compound",4.29,"Guarea convergens",15,69.7216473404719,8.58
111599,8,8,17,2.244,30,1.5,1,"compound",2.25,"Guarea sp.5.FITO",18,40.5433375837333,2.25
172340,10,10,4,3.102,38.5,1.25,2,"simple",9.15,"Guatteria discolor",21,359.420834525568,4.575
220063,7,8,2,2.355,55,1,5,"simple",6.75,"Guatteria discolor",24,123.546161449951,1.35
220064,7,8,2,1.601,78,1,5,"simple",5.63,"Guatteria discolor",14,131.583875397834,1.126
220177,7,8,2,2.04,210,1,5,"simple",2.1,"Guatteria discolor",21,71.3406106976683,0.42
220299,7,8,2,2.205,910,1.5,11,"simple",1.86,"Guatteria discolor",17,29.9782482793588,0.169090909090909
220335,7,8,2,1.511,85,1,3,"simple",4.53,"Guatteria discolor",12,120.647226367631,1.51
220641,7,8,3,1.68,288,1,6,"simple",3.77,"Guatteria discolor",16,89.9241617194796,0.628333333333333
220812,7,8,5,1.975,259,1.5,10,"simple",3.2,"Guatteria discolor",19,41.7122204192343,0.32
240107,6,7,24,2.063,105,1,4,"simple",5.7,"Guatteria discolor",20,140.692213804557,1.425
240115,6,7,24,2.981,380,1,10,"simple",2.7,"Guatteria discolor",29,33.4891770693832,0.27
240151,6,7,21,1.18,275,1,7,"simple",3.15,"Guatteria discolor",11,61.913899520115,0.45
220657,7,8,3,1.289,153,1,5,"simple",1.68,"Guatteria olivacea",11,57.0926576303757,0.336
202723,10,10,4,1.282,39,1,5,"simple",3.02,"Guatteria poeppigiana",10,78.7846569192799,0.604
100648,8,8,18,2.357,494,2,10,"simple",1.46,"Guatteria sp.2.PFRD",30,31.2214662162508,0.146
202811,10,10,4,2.01,121,1,5,"simple",5.03,"Guatteriopsis blepharophylla",20,122.650435237211,1.006
153720,10,10,7,1.21,21,1.25,4,"simple",4.36,"Gustavia elliptica",12,123.821221224979,1.09
172405,10,10,4,1.499,56,1.25,5,"simple",4.9,"Gustavia elliptica",13,113.697326757719,0.98
173674,10,10,4,1.69,44,1.125,5,"simple",2.54,"Gustavia elliptica",15,91.7860524878121,0.508
220040,7,8,2,1.275,50,1,4,"simple",2.71,"Gustavia elliptica",12,85.5319504122489,0.6775
220041,7,8,2,1.424,153,1,4,"simple",2.65,"Gustavia elliptica",12,67.7115164135417,0.6625
220878,7,8,5,1.771,299,1,9,"simple",2.3,"Gustavia elliptica",16,46.8893300739972,0.255555555555556
230532,6,7,26,1.821,65,1,5,"simple",5.62,"Gustavia elliptica",15,123.597524852207,1.124
113146,9,9,22,1.405,35,1.25,5,"simple",3.14,"Helianthostylis sprucei",14,83.7984717677163,0.628
173638,10,10,4,2.311,224,1,5,"simple",2.43,"Hirtella duckei",23,76.9214346679923,0.486
202703,10,10,4,1.293,63,1,5,"simple",3.13,"Hirtella duckei/myrmecophila.FITO",13,111.476615805636,0.626
100601,8,8,18,1.88,104.5,1,5,"simple",2.6,"Hirtella myrmecophila",17,84.169275298062,0.52
220047,7,8,2,1.016,65,1.25,5,"simple",2.52,"Hirtella myrmecophila",10,68.5554956990449,0.504
220393,7,8,2,1.315,132,1.5,5,"simple",2.26,"Hirtella myrmecophila",18,74.3229877906132,0.452
220609,7,8,3,2.611,512,1,5,"simple",1.76,"Hirtella myrmecophila",24,57.2181933168134,0.352
242543,10,10,5,1.921,18,2,2,"compound",5.19,"Hymenolobium nitidum",12,73.3200707677048,2.595
120340,8,8,16,1.671,4,1,0.5,"compound",3.47,"Indet sp.13.FITO",15,153.382229299881,6.94
230533,6,7,26,1.107,14,1,3,"even-pinnate",3.7,"Inga alba",10,58.9871263131849,1.23333333333333
100600,8,8,18,2.426,53,1,1,"even-pinnate",2.46,"Inga capitata",20,93.7714600091884,2.46
100735,8,8,17,1.91,40,1,1,"compound",2.87,"Inga capitata",15,100.906833747477,2.87
220568,7,8,3,1.605,60,1.25,2,"even-pinnate",2.88,"Inga capitata",12,62.3977144753522,1.44
220677,7,8,3,2.832,126,1.5,1.5,"even-pinnate",2.01,"Inga capitata",19,65.5090096314988,1.34
220938,7,8,5,1.293,19.5,1,1,"even-pinnate",1.99,"Inga capitata",10,79.7492077754208,1.99
220779,7,8,5,3.928,234,1.75,5,"even-pinnate",1.54,"Inga gracilifolia",37,4.88108505345982,0.308
113621,9,9,14,2.284,38,1,1,"compound",4.6,"Inga grandiflora",23,90.5796638036365,4.6
202813,10,10,4,2.293,40,1.5,0.5,"compound",2.62,"Inga grandiflora",21,88.9765836528557,5.24
122353,10,10,6,1.215,60,1,2,"compound",1.83,"Inga obidensis",12,43.0506430055739,0.915
220538,7,8,3,1.174,4,1,1,"even-pinnate",2.52,"Inga rubiginosa",11,58.0841141595536,2.52
112940,9,9,22,3.14,180,1,4,"bifoliolate",2.94,"Inga sp.11.FITO",16,55.0184586485134,0.735
122513,9,9,14,2.257,90,1.25,3,"compound",3.63,"Inga sp.11.FITO",18,77.5544920983505,1.21
173785,10,10,4,2.033,276,1.125,4,"compound",2.84,"Inga sp.11.FITO",16,44.9045159308943,0.71
111593,8,8,17,2.109,64,1.25,1.5,"even-pinnate",2.91,"Inga sp.29.FITO",16,56.1452230841065,1.94
230436,6,7,26,1.997,36,2,2,"even-pinnate",4.1,"Inga sp.29.FITO",17,78.7629696670172,2.05
240029,6,7,21,1.803,40,1,2,"even-pinnate",5.26,"Inga sp.29.FITO",15,113.418672943555,2.63
90444,8,8,19,1.318,14,1.75,0.5,"even-pinnate",5.46,"Inga sp.30.FITO",10,143.477448202467,10.92
120772,8,8,16,2.527,7,2,1,"even-pinnate",2.73,"Inga sp.30.FITO",23,62.7523574931468,2.73
242443,10,10,5,1.156,4,1,0.5,"compound",3.65,"Inga sp.31.FITO",11,117.253992710882,7.3
220358,7,8,2,1.963,38,1,1,"even-pinnate",4.03,"Inga stipularis",10,82.3741347612795,4.03
111510,8,8,17,2.302,10,1.5,0.5,"even-pinnate",4.8,"Inga suberosa",16,294.737645839562,9.6
230516,6,7,26,2.721,91,1.5,3,"even-pinnate",4.01,"Inga thibaudiana",26,18.6730854575793,1.33666666666667
111613,8,8,17,1.468,130,1,5,"simple",6.18,"Iryanthera coriacea",12,99.1461863379728,1.236
220694,7,8,3,1.952,126,1.5,5,"simple",3,"Iryanthera laevis",19,58.260498435738,0.6
122538,9,9,14,1.086,32,1,5,"simple",9.04,"Ixora intensa",11,130.924125593597,1.808
122566,9,9,14,1.587,50,1,5,"simple",3.71,"Ixora intensa",16,65.1036116653893,0.742
240774,10,10,5,2.463,85,1,6,"simple",3.71,"Kutchubaea insignis",25,62.9310222440198,0.618333333333333
132606,8,8,24,2.007,23,1.25,2,"simple",12.19,"Kutchubaea sericantha",18,409.688115147613,6.095
172373,10,10,4,1.468,128,1.25,8,"simple",2.35,"Lacistema aggregatum/polystachyum PP",12,50.0957979191762,0.29375
113206,9,9,15,1.773,128,1,6,"simple",3.6,"Lacunaria jenmanii",21,73.9073504311264,0.6
173582,10,10,4,2.9,483,1.125,10,"simple",1.93,"Lecythis pisonis",29,30.2035402607806,0.193
80793,8,8,20,1.736,50,1.25,4,"simple",4.88,"Lecythis prancei",14,146.489447173002,1.22
111594,8,8,17,2.602,120,1,5,"simple",3.08,"Leonia glycycarpa",21,94.0450146295713,0.616
132528,8,8,22,1.607,112.5,1.5,5,"simple",2.91,"Licania blackii",14,84.3768563852853,0.582
230019,6,7,24,1.618,36,1,5,"simple",7.37,"Licania bracteata",13,172.870744903487,1.474
113186,9,9,15,1.154,130,1,5,"simple",1.71,"Licania canescens/membranacea PP",12,44.3984149178806,0.342
132651,8,8,22,1.268,116,1.25,5,"simple",1.59,"Licania canescens/membranacea PP",11,43.9488368035736,0.318
230044,6,7,24,1.428,132,1.5,5,"simple",3.08,"Licania canescens/membranacea PP",11,64.1031758963453,0.616
230146,6,7,24,2.047,155,1,5,"simple",3.87,"Licania canescens/membranacea PP",17,95.8416482604646,0.774
230323,6,7,26,1.271,297,1.25,5,"simple",1.49,"Licania canescens/membranacea PP",10,40.0344361147217,0.298
230413,6,7,26,1.567,287.5,1,5,"simple",1.66,"Licania canescens/membranacea PP",10,46.5372541408673,0.332
230147,6,7,24,1.09,234,1,7,"simple",2.73,"Licania coriacea",12,39.7639527954719,0.39
90904,8,8,20,2.456,304,1,5,"simple",4.42,"Licania heteromorpha",20,130.386698549537,0.884
113173,9,9,15,1.854,60,1,5,"simple",4.48,"Licania heteromorpha",19,78.031761198752,0.896
122359,10,10,6,3.14,407,1,6,"simple",3.88,"Licania heteromorpha",29,85.9914748489567,0.646666666666667
142540,10,10,7,2.945,448,1.25,6,"simple",3.76,"Licania heteromorpha",22,55.5192331266802,0.626666666666667
202666,10,10,4,1.559,63,1.25,5,"simple",3.87,"Licania heteromorpha",13,77.5273317757525,0.774
230014,6,7,24,2.245,322,1,5,"simple",2.53,"Licania heteromorpha",21,51.1872267991905,0.506
240148,6,7,21,1.417,58,1,5,"simple",3.5,"Licania heteromorpha",15,91.3551730254393,0.7
230429,6,7,26,1.405,627,1.5,10,"simple",1.02,"Licania hypoleuca",12,16.6207135837876,0.102
242403,10,10,5,1.066,115.5,1,10,"simple",2.12,"Licania laxiflora",10,41.4165660763255,0.212
230304,6,7,26,1.515,182,2,6,"simple",1.74,"Licania sp.10.FITO",13,54.5386875903308,0.29
230471,6,7,26,2.165,210,1.5,5,"simple",1.83,"Licania sp.10.FITO",20,56.7244012848136,0.366
230485,6,7,26,1.751,390,1.5,5,"simple",0.92,"Licania sp.10.FITO",17,34.1776188840372,0.184
153733,10,10,7,1.514,120,1,6,"simple",4.05,"Licania sp.2.FITO",15,84.4345925737138,0.675
230381,6,7,26,1.937,67.5,2.5,5,"simple",5.04,"Licaria cannella",18,103.911636197367,1.008
132670,8,8,22,2.061,171,1,6,"simple",3.07,"Licaria martiniana",17,64.4253103477337,0.511666666666667
111550,8,8,16,1.365,153,1,6,"simple",1.54,"Licaria pachycarpa",12,34.3343141661516,0.256666666666667
220596,7,8,3,1.332,88,1,5,"simple",1.97,"Lueheopsis rosea",12,78.599059773456,0.394
81244,8,8,20,2.469,252,1,5,"simple",1.82,"Malouetia duckei",21,56.8473463685452,0.364
132532,8,8,22,1.484,60,1,5,"simple",11.26,"Manilkara bidentata",13,196.422126369649,2.252
220307,7,8,2,1.805,105,1.25,5,"simple",10.92,"Manilkara bidentata",20,184.603931902598,2.184
220789,7,8,5,1.901,42,1,3,"simple",6.86,"Manilkara bidentata",18,190.376663090142,2.28666666666667
230461,6,7,26,0.914,31,1,4,"simple",7.68,"Manilkara bidentata",10,162.544996896606,1.92
113292,9,9,15,3,164.5,1,3,"simple",4,"Manilkara huberi",32,109.296515083683,1.33333333333333
142551,10,10,7,1.911,292.5,1.5,10,"simple",1.02,"Maquira guianensis",12,23.7816283169742,0.102
170197,10,10,7,2.767,40,1,5,"simple",5.29,"Maquira sclerophylla",29,157.061729379862,1.058
132972,10,10,7,1.943,4,1.25,0.5,"compound",7.66,"Matayba purgans",15,701.031926715832,15.32
132541,8,8,22,2.509,42,1,3,"simple",5.98,"Maytenus sp.2.FITO",28,214.656809560378,1.99333333333333
111805,8,8,16,1.875,23,1,2,"simple",4.2,"Mezilaurus duckei",17,212.979997334907,2.1
122774,8,8,22,2.1,45,1,2,"simple",3.49,"Mezilaurus duckei",20,198.112181061467,1.745
240927,10,10,5,1.858,44,1.75,5,"simple",7.13,"Mezilaurus itauba",18,145.483327274278,1.426
240929,10,10,5,1.939,76,1.75,6,"simple",9.61,"Mezilaurus itauba",16,211.457017220775,1.60166666666667
230464,6,7,26,1.962,135,1.5,6,"simple",2.06,"Miconia aff. hypoleuca",20,41.5549834468494,0.343333333333333
172345,10,10,4,2.168,480,1.25,6,"simple",2.98,"Miconia argyrophylla",17,69.3951259559828,0.496666666666667
240853,10,10,5,2.358,120,1.25,5,"simple",8.37,"Miconia eriodonta",17,159.340113805597,1.674
142709,10,10,7,1.744,42,1.125,5,"simple",8.36,"Miconia holosericea",15,182.825924560435,1.672
100573,8,8,18,1.755,275,1,5,"simple",1.89,"Miconia punctata",15,46.6169405012,0.378
111615,8,8,17,2.166,138,2,5,"simple",4.24,"Miconia punctata",14,94.9224811938157,0.848
220738,7,8,5,1.271,200,1,8,"simple",2.49,"Miconia punctata",12,36.4832299653064,0.31125
230389,6,7,26,1.188,67.5,1.5,4,"simple",3.7,"Miconia punctata",10,110.394934249212,0.925
122532,9,9,14,1.34,77,1,5,"simple",0.91,"Miconia regelii",12,27.1189646147138,0.182
240120,6,7,21,1.941,96,1.5,5,"simple",5.08,"Miconia sp.5.FITO",20,180.281880339883,1.016
153598,10,10,7,1.922,520,1.25,5,"simple",1.92,"Miconia sp.7.FITO",11,53.086384617624,0.384
153866,10,10,7,1.49,120,1.5,5,"simple",6.05,"Miconia sp.nov.aff.lepidota/punctata.FITO",10,136.321132552918,1.21
111685,8,8,17,1.984,15,1,1,"simple",5.57,"Miconia tomentosa",12,741.298721078854,5.57
132949,10,10,7,2.104,145,1.125,6,"simple",5.56,"Micrandropsis scleroxylon",13,118.242367945913,0.926666666666667
220170,7,8,2,1.225,64,1,5,"simple",3.97,"Micrandropsis scleroxylon",11,126.581783388458,0.794
220513,7,8,3,1.061,79,1.5,5,"simple",4.66,"Micrandropsis scleroxylon",14,121.599214971543,0.932
220950,7,8,5,1.294,40,1.25,5,"simple",5.38,"Micrandropsis scleroxylon",12,138.706889500866,1.076
240118,6,7,24,1.596,85,1,5,"simple",4.16,"Micrandropsis scleroxylon",15,129.295996919724,0.832
220344,7,8,2,1.756,425,1,8,"simple",1.62,"Micropholis guyanensis",12,24.2815937343175,0.2025
220698,7,8,3,1.458,240,1,10,"simple",2.56,"Micropholis guyanensis",13,30.7582838195768,0.256
132673,8,8,22,1.946,680,1.25,10,"simple",1.6,"Micropholis mensaliforme PP",15,22.7581263746119,0.16
90645,8,8,19,1.925,105,1,6,"simple",2.17,"Minquartia guianensis",17,47.5276217761171,0.361666666666667
113070,9,9,22,1.634,126,1.125,6,"simple",2.5,"Minquartia guianensis",16,55.6341579552929,0.416666666666667
113654,9,9,14,1.524,80,1,6,"simple",1.02,"Minquartia guianensis",16,25.6470391531673,0.17
132789,8,8,23,3.274,435,1,5,"simple",3.48,"Minquartia guianensis",31,109.104680229668,0.696
220079,7,8,2,1.345,80,1,5,"simple",2.84,"Minquartia guianensis",11,78.8164388385117,0.568
230209,6,7,24,1.306,94.5,1,5,"simple",3.21,"Minquartia guianensis",11,84.8683472673953,0.642
153836,10,10,7,0.98,36,1.125,5,"simple",7.18,"Mollinedia ovata",10,162.440660010804,1.436
111680,8,8,16,1.345,810,1,10,"simple",0.47,"Mouriri angulicosta",13,6.85325131454291,0.047
153860,10,10,7,1.953,475,1.25,10,"simple",3.12,"Mouriri collocarpa",14,31.5459283507038,0.312
153870,10,10,7,1.525,110,1.25,5,"simple",6.08,"Mouriri collocarpa",10,113.867771048608,1.216
170211,10,10,7,2.189,245,1,8,"simple",6.67,"Mouriri dimorphandra",17,74.846419791004,0.83375
90816,8,8,19,2.699,420,1.25,4,"simple",10.4,"Mouriri eugeniaefolia/nervosa.FITO",20,173.376918279705,2.6
100598,8,8,18,1.338,117,1,5,"simple",5.33,"Mouriri huberi",10,95.9752693289048,1.066
111538,8,8,17,2.13,195,1,5,"simple",6.23,"Mouriri huberi",15,90.3084826963475,1.246
132602,8,8,22,1.578,120,1,5,"simple",4.2,"Mouriri huberi",11,63.4905490106057,0.84
122158,10,10,6,2.205,510,2.5,10,"simple",2.37,"Mouriri trunciflora",18,31.8754342004812,0.237
202802,10,10,4,1.469,187,1,10,"simple",2.6,"Myrcia cuprea",14,25.2023383188153,0.26
230135,6,7,24,1.822,540,1,10,"simple",2.32,"Myrcia fenestrata",10,27.8628149347317,0.232
111774,8,8,16,2.149,702,1,10,"simple",1.26,"Myrcia grandis",21,10.4669394725209,0.126
220656,7,8,3,1.776,180,1,5,"simple",3.42,"Myrcia magnoliifolia",17,63.3130493073183,0.684
100510,8,8,18,1.776,270,1,10,"simple",1.69,"Myrcia paivae",14,24.2373967013724,0.169
220028,7,8,2,1.067,102,1,3,"simple",0.31,"Myrcia paivae",10,19.3339285028373,0.103333333333333
220664,7,8,3,1.08,115,1,9,"simple",0.76,"Myrcia paivae",11,36.0697285263934,0.0844444444444444
220916,7,8,5,1.88,315,1.5,10,"simple",1.5,"Myrcia paivae",19,22.2987864640745,0.15
113668,9,9,14,1.472,486,1,15,"simple",1.01,"Myrcia rufipila",14,8.49849388618087,0.0673333333333333
153811,10,10,7,1.713,352,1.125,20,"simple",2.27,"Myrcia rufipila",15,14.1488114575252,0.1135
172307,10,10,4,2.304,210,1,15,"simple",2.22,"Myrcia rufipila",24,14.676415598649,0.148
240882,10,10,5,1.969,357,1,10,"simple",2.33,"Myrcia rufipila",19,25.202917224448,0.233
90916,8,8,20,3.03,60,1,3,"simple",3.86,"Naucleopsis caloneura",31,184.004455823147,1.28666666666667
132508,8,8,22,1.664,170,1,5,"simple",4.46,"Naucleopsis caloneura",13,104.77424900792,0.892
132785,8,8,23,1.802,35,1.25,3,"simple",9.71,"Naucleopsis caloneura",15,285.209462153035,3.23666666666667
220914,7,8,5,1.558,144,1.5,5,"simple",4.85,"Naucleopsis caloneura",11,108.714251798376,0.97
230096,6,7,24,2.567,256,1,5,"simple",6.54,"Naucleopsis caloneura",15,115.895894569353,1.308
111540,8,8,17,2.829,19,1.25,1,"simple",6.21,"Naucleopsis stipularis",26,423.309764683595,6.21
132705,8,8,21,1.918,44,1.25,4,"simple",6.69,"Naucleopsis ulei",13,207.818366169496,1.6725
220721,7,8,5,2.502,60,1.5,3,"simple",9.4,"Naucleopsis ulei",20,258.318909579892,3.13333333333333
113178,9,9,15,0.992,8,1,2,"simple",3.24,"Neea madeirana",10,203.320739764722,1.62
230131,6,7,24,1.553,145,1,10,"simple",1.8,"Neea ovalifolia",10,29.0311695188429,0.18
90871,8,8,19,1.93,160,1.5,5,"simple",2.31,"Neea sp.14.FITO",14,73.7476279549747,0.462
132302,8,8,22,1.307,52,1,5,"simple",4.6,"Neea sp.7.FITO",12,94.4297842583044,0.92
100390,8,8,17,2.717,36,1.5,4,"simple",5.51,"Neea sp.A.PP",13,192.485670582247,1.3775
122693,9,9,15,2.007,456,1,8,"simple",2.66,"Ocotea aff.pauciflora.PFRD",15,38.9171934707321,0.3325
90687,8,8,20,1.796,560,1,5,"simple",0.66,"Ocotea cernua",40,19.5061095106248,0.132
113598,9,9,14,1.862,190,1.25,7,"simple",3.47,"Ocotea cujumary",14,57.7111128553239,0.495714285714286
113681,9,9,14,1.504,126,1,5,"simple",2.76,"Ocotea cujumary",13,59.9875765548698,0.552
122680,9,9,15,1.721,144,1,6,"simple",2.42,"Ocotea cujumary",16,46.6861341969411,0.403333333333333
240006,6,7,21,1.227,22.5,1,5,"simple",3.35,"Ocotea leucoxylon",17,107.521821976267,0.67
132504,8,8,22,1.998,182,1,10,"simple",2.16,"Ocotea nigrescens",19,29.6907022334671,0.216
132554,8,8,22,1.962,168,1.25,7,"simple",2.38,"Ocotea nigrescens",18,42.6234881806911,0.34
122671,9,9,15,1.664,235,1,10,"simple",1.51,"Ocotea percurrens",15,20.6988287855497,0.151
113410,9,9,15,1.655,30,1,5,"simple",3.99,"Ocotea sp.4.FITO",17,121.330906683456,0.798
122555,9,9,14,2.682,243,1.25,10,"simple",1.38,"Ocotea sp.8.PP",27,17.2600931460755,0.138
112938,9,9,22,1.587,33,1,7,"simple",5.65,"Ocotea sp.D.PFRD",16,64.757593566201,0.807142857142857
111411,8,8,16,1.359,8,1,0.5,"compound",6.41,"Ormosia paraensis",11,129.947989388483,12.82
132576,8,8,23,1.26,56,1,5,"simple",1.95,"Ouratea coccinea",13,42.4984466315613,0.39
132772,8,8,22,1.18,59,1,5,"simple",3.28,"Ouratea coccinea",11,70.9595894829065,0.656
113311,9,9,15,2.044,63,1,3,"simple",4.57,"Ouratea discophora",18,178.736462808273,1.52333333333333
113528,9,9,14,2.36,65,1,3,"simple",7.03,"Ouratea discophora",22,185.329980874412,2.34333333333333
173539,10,10,4,2.097,288,1,5,"simple",4.47,"Ouratea discophora",20,86.2399194375239,0.894
173724,10,10,4,1.445,30,1,4,"simple",6.96,"Ouratea discophora",14,145.372068848005,1.74
220762,7,8,5,2.108,200,1.25,5,"simple",3.5,"Ouratea discophora",13,75.66792306532,0.7
113440,9,9,15,1.15,144,1,7,"simple",2.07,"Ouratea leprieuri",11,31.0741864207472,0.295714285714286
111534,8,8,17,1.377,98,1,5,"simple",1.57,"Palicourea corymbifera/virens PP",12,42.6557642372308,0.314
132285,8,8,22,1.255,30,1,5,"simple",2.36,"Palicourea corymbifera/virens PP",10,81.4596351212938,0.472
132773,8,8,23,2.237,180,1,5,"simple",2.14,"Palicourea sp.1.FITO",21,85.3120784348127,0.428
132556,8,8,23,1.097,21,1,1,"compound",0.57,"Paramachaerium ormosoides",10,28.7623715730749,0.57
240153,6,7,21,1.405,35,1,2,"alternipinnate",1.59,"Paramachaerium ormosoides",12,46.2854694735518,0.795
113334,9,9,15,1.972,168,1.25,10,"simple",2.29,"Parinari excelsa/parvifolia PP",21,34.2279836740767,0.229
230046,6,7,24,1.05,126,1,9,"simple",3.29,"Parinari montana",10,53.1928646603207,0.365555555555556
122258,10,10,6,2.675,23,1,2,"bipinnate",3.54,"Parkia decussata",25,0.742800536678726,1.77
90879,8,8,19,2.069,28,1.5,1,"simple",8.81,"Pausandra macropetala",13,678.496505338096,8.81
122472,10,10,6,2.605,16,1.125,1,"simple",7.76,"Pausandra macropetala",26,631.487341798143,7.76
132518,8,8,22,1.476,25,1.25,2,"simple",6.77,"Pausandra macropetala",12,273.247728034371,3.385
170066,10,10,7,1.99,16,1,1,"simple",9.92,"Pausandra macropetala",18,727.709200805484,9.92
170341,10,10,7,2.7,31,2,1,"simple",7.55,"Pausandra macropetala",25,599.245626767571,7.55
202692,10,10,4,1.528,19,1,1,"simple",4.45,"Pausandra macropetala",14,379.094978632387,4.45
202726,10,10,4,1.434,23,1,1,"simple",4.1,"Pausandra macropetala",13,337.778121814963,4.1
210193,7,8,2,1.98,31,1.5,2,"simple",9.03,"Pausandra macropetala",15,381.766519582207,4.515
220566,7,8,3,2.38,24,1.25,1,"simple",7.74,"Pausandra macropetala",24,609.497177163149,7.74
220727,7,8,5,2.16,54,3,2,"simple",8.25,"Pausandra macropetala",18,351.128698788462,4.125
230412,6,7,26,2.184,19,1,1,"simple",6.41,"Pausandra macropetala",18,645.002906876944,6.41
122146,10,10,6,2.037,33,2.5,2,"simple",6.72,"Pausandra trianae",21,526.441079506087,3.36
90673,8,8,20,4.073,119,1,2,"simple",4.04,"Paypayrola grandiflora",41,299.016120280781,2.02
111778,8,8,16,2.76,180,1.25,5,"simple",2.05,"Paypayrola sp.nova.PP",28,58.0020749613282,0.41
132561,8,8,23,1.427,49,1,5,"simple",2.31,"Paypayrola sp.nova.PP",15,70.8344011398484,0.462
113115,9,9,22,2.56,57.5,1,3,"bifoliolate",2.54,"Peltogyne paniculata",27,66.1065246681197,0.846666666666667
113190,9,9,15,2.734,40,1.25,3,"simple",6.01,"Perebea guianensis",24,261.097825464033,2.00333333333333
113692,9,9,14,2.708,147,2,5,"simple",4.65,"Perebea mollis",22,149.550168288844,0.93
142552,10,10,7,2.809,200,2,5,"simple",5.56,"Pisonia tomentosa",22,176.786882309237,1.112
132933,10,10,7,2.061,280,1.125,9,"simple",3.31,"Pogonophora schomburgkiana",16,49.1792958285265,0.367777777777778
153840,10,10,7,3.747,72,1.5,2,"simple",9.86,"Pourouma cucura",13,243.12753028481,4.93
90575,8,8,19,2.675,10,1.25,1,"simple",10.26,"Pourouma sp.A.PP",21,314.634994249365,10.26
230467,6,7,26,1.24,9,1.5,2,"simple",4.69,"Pourouma sp.A.PP",11,140.261079864917,2.345
142754,10,10,7,1.314,10,1,2,"simple",5.86,"Pourouma sp.B.PP",12,185.025850388199,2.93
90981,8,8,20,2.323,16,1,2,"simple",8.88,"Pourouma tomentosa",23,572.028884991505,4.44
202722,10,10,4,1.623,17,1,2,"simple",7.44,"Pourouma tomentosa",12,505.476192928097,3.72
80874,8,8,19,1.292,63,1,3,"simple",1.73,"Pouteria brachyandra",11,94.2397102422548,0.576666666666667
220372,7,8,2,1.862,30,1,4,"simple",3.55,"Pouteria campanulata",18,105.14849340862,0.8875
220640,7,8,3,1.287,16,1,3,"simple",5.64,"Pouteria campanulata",13,231.546067818719,1.88
230186,6,7,24,1.43,234,1,5,"simple",1.93,"Pouteria cladantha",14,43.6193381901167,0.386
113382,9,9,15,1.855,91,1,7,"simple",1.92,"Pouteria coriacea",18,32.5371533176286,0.274285714285714
240778,10,10,5,1.405,32,1,6,"simple",4.02,"Pouteria decorticans",15,83.196976754871,0.67
142633,10,10,7,2.226,110,2,5,"simple",3.63,"Pouteria durlandii",18,126.011850793126,0.726
220184,7,8,2,1.181,90,1.5,5,"simple",1.53,"Pouteria ericoides",13,46.5177884389698,0.306
132503,8,8,22,1.864,136,1,7,"simple",1.77,"Pouteria erythrochrysa",19,36.360783670803,0.252857142857143
220296,7,8,2,2.5,260,1.5,7,"simple",3.24,"Pouteria erythrochrysa",25,57.8055847411835,0.462857142857143
240152,6,7,21,1.774,189,1,5,"simple",3.4,"Pouteria escalarinerve PP",17,124.897370614452,0.68
132514,8,8,22,1.552,180,1,6,"simple",5.21,"Pouteria filipes",15,81.6959829942457,0.868333333333333
132901,10,10,7,1.613,44,1.5,6,"simple",9.71,"Pouteria filipes",13,145.055407466952,1.61833333333333
220288,7,8,2,2.049,126,1.5,5,"simple",4.26,"Pouteria filipes",18,94.6483356072662,0.852
122068,10,10,6,0.968,30,1.25,5,"simple",1.72,"Pouteria fimbriata",10,52.9309339826198,0.344
113461,9,9,15,1.796,75,1,7,"simple",3.9,"Pouteria freitasii",18,51.8888108054654,0.557142857142857
230182,6,7,24,1.574,31,2,5,"simple",11.53,"Pouteria fulva",12,245.224744383729,2.306
111676,8,8,16,2.045,59,1,5,"simple",4.17,"Pouteria guianensis",12,107.05946452012,0.834
132531,8,8,22,1.042,78,1,5,"simple",1.32,"Pouteria hispida",10,50.5981758453401,0.264
132844,8,8,23,1.966,345,1.5,5,"simple",1.14,"Pouteria hispida",15,42.9107576957672,0.228
90893,8,8,19,1.267,70,1,5,"simple",4.51,"Pouteria jariensis",10,81.2670621625967,0.902
132304,8,8,22,2.55,126,1,5,"simple",2.66,"Pouteria jariensis",25,51.7370134785072,0.532
132831,8,8,23,2.567,80,1.25,5,"simple",5.99,"Pouteria jariensis",25,97.799565000611,1.198
230400,6,7,26,1.357,77,1.5,5,"simple",5.47,"Pouteria jariensis",12,105.020023394257,1.094
113283,9,9,15,1.721,18,1,4,"simple",5.14,"Pouteria macrophylla",17,183.350051247585,1.285
240914,10,10,5,1.776,16,1,2,"simple",2.34,"Pouteria manaosensis",17,197.186257683663,1.17
170229,10,10,7,1.161,13,1,3,"simple",7.62,"Pouteria opposita",12,197.944672304556,2.54
220508,7,8,3,1.394,67.5,1,3,"simple",2.31,"Pouteria petiolata",14,74.448349805361,0.77
100705,8,8,17,3.985,102,1,5,"simple",8.03,"Pouteria platyphylla",39,214.888323571297,1.606
90820,8,8,19,2.338,308,1,5,"simple",3.32,"Pouteria reticulata",22,69.4005676689296,0.664
100660,8,8,18,1.546,85.5,1.25,7,"simple",3.14,"Pouteria reticulata",16,45.6484355128362,0.448571428571429
100306,8,8,18,2.688,90,1.75,5,"simple",4.49,"Pouteria retinervis",24,145.373870691787,0.898
100539,8,8,17,0.975,19,1.25,3,"simple",2.39,"Pouteria retinervis",15,139.676638447166,0.796666666666667
120767,8,8,16,1.77,29,1.5,3,"simple",1.64,"Pouteria retinervis",23,73.3515407211235,0.546666666666667
220174,7,8,2,1.624,28,1,5,"simple",4.47,"Pouteria sp.1.FITO",16,164.770943326504,0.894
122239,10,10,6,1.678,110,1,7,"simple",3.59,"Pouteria sp.7.FITO",16,57.2024202058441,0.512857142857143
113696,9,9,14,1.646,30,1.5,5,"simple",2.92,"Pouteria sp.9.FITO",18,94.1354252167486,0.584
132699,8,8,21,1.486,360,1.25,8,"simple",1.67,"Pouteria stylifera",11,28.9063140465237,0.20875
111590,8,8,17,1.761,320,1.25,8,"simple",1.45,"Pouteria transparente PP",12,35.9049122837012,0.18125
220196,7,8,2,1.638,112,1.5,6,"simple",4.06,"Pouteria vernicosa",16,55.3159045837499,0.676666666666667
170098,10,10,7,1.43,7,1.125,0.5,"compound",2.2,"Protium altsonii",13,38.7297094543618,4.4
240027,6,7,21,1.495,12,1,0.5,"odd-pinnate",1.85,"Protium altsonii/laxiflorum.FITO",14,30.3252334610816,3.7
132323,8,8,22,2.625,100,1,1,"odd-pinnate",1.18,"Protium aracouchini",13,35.5169170651462,1.18
202816,10,10,4,3,24,1.25,0.5,"compound",3.08,"Protium decandrum",17,94.1103911662972,6.16
242419,10,10,5,1.749,9,1,0.5,"compound",2.43,"Protium decandrum",18,84.6467856091438,4.86
242493,10,10,5,2.195,8,2,0.5,"compound",4.7,"Protium decandrum",14,105.517853293044,9.4
210743,7,8,3,1.484,33,1,2,"odd-pinnate",6.98,"Protium ferrugineum",13,85.2317215087889,3.49
220539,7,8,3,1.317,20,1,1,"odd-pinnate",2.09,"Protium ferrugineum",11,56.6367380872845,2.09
220710,7,8,3,1.501,26,1.5,1,"odd-pinnate",4.52,"Protium ferrugineum",12,91.4610527981288,4.52
112961,9,9,22,1.613,12,1,1,"compound",5.3,"Protium guianense",13,74.2429520193808,5.3
113462,9,9,15,2.45,126,1.25,2,"compound",1.37,"Protium guianense",25,17.3710108074417,0.685
90553,8,8,19,2.558,19,1.25,0.5,"odd-pinnate",4.29,"Protium hebetatum",20,49.2007012663111,8.58
122705,9,9,15,2.729,38.5,1.25,0.5,"compound",1.23,"Protium hebetatum",21,18.8043102525332,2.46
132570,8,8,23,1.947,22,1,0.5,"odd-pinnate",3.05,"Protium hebetatum",16,59.214106941662,6.1
153686,10,10,7,2.575,42,1.75,0.5,"compound",1.46,"Protium hebetatum",22,25.4832088591307,2.92
220164,7,8,2,2.628,132,1.25,2,"odd-pinnate",3.99,"Protium hebetatum",14,67.1538222450992,1.995
220176,7,8,2,1.87,14.5,1,0.5,"odd-pinnate",3.83,"Protium hebetatum",14,72.8959833386394,7.66
220297,7,8,2,2.991,37.5,1.5,1,"odd-pinnate",2.57,"Protium hebetatum",28,65.4298081046335,2.57
220919,7,8,5,1.977,21,1.5,1,"odd-pinnate",2.1,"Protium hebetatum",18,55.0844991176367,2.1
230036,6,7,24,1.287,21,1,1,"odd-pinnate",2.68,"Protium hebetatum",10,31.6356068634665,2.68
230148,6,7,24,1.949,18,1,0.5,"odd-pinnate",3.07,"Protium hebetatum",15,39.4912561959374,6.14
230158,6,7,24,1.89,20,1,1,"odd-pinnate",4.59,"Protium hebetatum",15,70.9031075900154,4.59
230315,6,7,26,1.992,24,1.5,1,"odd-pinnate",3.28,"Protium hebetatum",13,43.2491056712359,3.28
230483,6,7,26,1.712,8,1.5,1,"odd-pinnate",3.47,"Protium hebetatum",17,51.148370974742,3.47
240098,6,7,21,2.621,30,1,0.5,"odd-pinnate",3.09,"Protium hebetatum",22,44.7874829209361,6.18
111763,8,8,16,2.473,16,1,1,"odd-pinnate",1.58,"Protium krukoffii",23,27.9975407480875,1.58
230348,6,7,26,2.134,12,2,2,"odd-pinnate",16.07,"Protium nitidifolium",14,205.591578517351,8.035
111809,8,8,16,1.153,47,1,5,"simple",2.02,"Protium occultum",11,64.2149625740077,0.404
230391,6,7,26,1.291,48,1.5,6,"simple",2.03,"Protium occultum",10,41.4823273440864,0.338333333333333
90914,8,8,20,2.071,28,1,1,"odd-pinnate",1.7,"Protium opacum",17,37.2192542048031,1.7
220496,7,8,3,2.732,52.5,1.5,1,"odd-pinnate",3.38,"Protium opacum",27,92.8973631581473,3.38
220778,7,8,5,2.654,65,1.5,1,"odd-pinnate",2.76,"Protium opacum",17,75.839339435251,2.76
90684,8,8,20,2.496,56,1,0.5,"odd-pinnate",1.59,"Protium paniculatum",18,57.2449387570413,3.18
100488,8,8,18,1.853,38.5,1.75,1,"odd-pinnate",2.04,"Protium paniculatum",43,47.0820043411801,2.04
100514,8,8,18,1.616,45,1,1,"odd-pinnate",3.25,"Protium paniculatum",11,57.8963040780316,3.25
132948,10,10,7,1.914,42,1,2,"compound",3.75,"Protium paniculatum",14,37.4756852789939,1.875
220695,7,8,3,2.115,90,1.5,1,"odd-pinnate",3.42,"Protium paniculatum",16,43.3896525561538,3.42
111663,8,8,17,1.571,112,1.5,1.5,"odd-pinnate",1.43,"Protium pilosissimum",11,27.4597102791648,0.953333333333333
111684,8,8,16,1.563,34,1,2,"odd-pinnate",1.28,"Protium pilosissimum",11,28.5332998202933,0.64
113515,9,9,14,1.109,55,1,2,"compound",1.07,"Protium pilosissimum",11,18.4789572466344,0.535
132823,8,8,23,1.598,31,1.25,1,"odd-pinnate",1.31,"Protium pilosissimum",13,13.6620230350581,1.31
220940,7,8,5,1.687,30,1,2,"odd-pinnate",2.37,"Protium pilosum",14,14.778501202248,1.185
111755,8,8,16,1.222,3,1,0.5,"odd-pinnate",2.74,"Protium robustum",11,103.436716488991,5.48
90811,8,8,20,1.469,21,1,2,"odd-pinnate",1.32,"Protium sagotianum",14,31.177606878258,0.66
240783,10,10,5,1.209,31.5,1,1,"compound",1.41,"Protium sp.A.PP",10,22.9775484941295,1.41
113320,9,9,15,3.265,60,1,1,"compound",1.82,"Protium strumosum",29,42.7226877958839,1.82
113425,9,9,15,1.691,24,1,1,"compound",2.7,"Protium strumosum",17,38.9434358222298,2.7
132794,8,8,23,1.4,9,1,0.5,"odd-pinnate",1.56,"Protium subserratum",11,31.7119520538597,3.12
90381,8,8,19,1.802,21,2.5,1,"odd-pinnate",3.05,"Protium tenuifolium",11,101.217380437786,3.05
120494,8,8,16,1.737,24,1,1,"odd-pinnate",2.85,"Protium tenuifolium",13,66.3895492198099,2.85
111656,8,8,17,2.905,234,1.5,2,"odd-pinnate",2.74,"Protium trifoliolatum",23,70.3304613745299,1.37
111667,8,8,17,2.633,114,1.25,1,"odd-pinnate",1.22,"Protium trifoliolatum",20,34.8598881173832,1.22
220193,7,8,2,1.93,120,1.5,1,"odd-pinnate",2.5,"Protium trifoliolatum",19,64.3185432643276,2.5
240079,6,7,24,1.359,105,1.5,2,"odd-pinnate",2.75,"Protium trifoliolatum",11,42.8652766179675,1.375
132653,8,8,22,1.694,171,1.25,5,"simple",1.79,"Protium unifoliolatum",15,46.6052321347799,0.358
220058,7,8,2,1.641,210,1,5,"simple",1.13,"Protium unifoliolatum",16,32.1040657437713,0.226
153672,10,10,7,4.073,288,1.5,5,"simple",3.14,"Pseudolmedia laevis",22,82.7540536432325,0.628
172284,10,10,4,3.443,782,1.125,10,"simple",2.67,"Pseudolmedia laevis",23,43.7247207242181,0.267
100714,8,8,17,1.528,414,1,5,"simple",1.22,"Pseudoxandra obscurinervis",13,31.3363355664071,0.244
90694,8,8,20,1.438,54,1,5,"simple",3.26,"Psychotria pacimonica",14,91.5812646202663,0.652
111548,8,8,16,1.304,32,1,6,"simple",2.84,"Psychotria pacimonica",12,77.2968549707583,0.473333333333333
111598,8,8,17,1.778,42,1,5,"simple",4.24,"Psychotria pacimonica",16,102.171301139247,0.848
230527,6,7,26,1.168,36,1,5,"simple",1.6,"Psychotria pacimonica",10,73.893372272205,0.32
112894,9,9,22,1.132,75,1,6,"simple",0.92,"Psychotria sp.1.FITO",12,32.8722397487872,0.153333333333333
113256,9,9,15,2.017,112,1,10,"simple",2.24,"Psychotria sp.3.FITO",21,30.2392370293532,0.224
111651,8,8,17,2.091,561,1.5,10,"simple",1.51,"Psychotria sp.4.FITO",16,32.3411565456184,0.151
230151,6,7,24,2.286,205,1,5,"simple",1.31,"Pterandra arborea",18,81.5813717395173,0.262
132935,10,10,7,2.139,912,1,10,"simple",2.03,"Ptychopetalum olacoides",16,31.9353581697797,0.203
111662,8,8,17,1.514,400,1.25,10,"simple",2.44,"Qualea paraensis",11,27.289669413138,0.244
202808,10,10,4,2.972,270,1,6,"simple",2.13,"Qualea sp.A.PP",30,51.2930652214776,0.355
202809,10,10,4,2.504,357.5,1,10,"simple",2.56,"Qualea sp.A.PP",24,31.762996253982,0.256
100717,8,8,17,2.227,1431,1,8,"simple",1.57,"Quiina amazonica",19,23.0735141632733,0.19625
220226,7,8,2,1.595,324,1,10,"simple",4.4,"Quiina amazonica",15,47.7781456007482,0.44
230319,6,7,26,2.337,768,1,10,"simple",1.08,"Quiina amazonica",21,14.9934532683635,0.108
113520,9,9,14,2.105,340,1.5,6,"simple",1.52,"Quiina negrensis",11,26.7046515018617,0.253333333333333
230555,7,8,3,2.225,99,1.75,3,"simple",9.93,"Quiina obovata",18,255.090497593076,3.31
122753,9,9,14,1.439,60,1.5,5,"simple",5.15,"Quiina paraensis",15,86.2709632520741,1.03
133014,10,10,7,1.506,48,1.125,6,"simple",5.13,"Rhodostemonodaphne aff.scandens.PFRD",11,102.301682748251,0.855
113670,9,9,14,1.482,39,1,5,"simple",3.53,"Rhodostemonodaphne sp.1.FITO",13,96.8213447352194,0.706
132516,8,8,22,2.558,684,1.25,9,"simple",1.88,"Rinorea amapensis",22,34.1930531514318,0.208888888888889
132596,8,8,22,1.9,400,1.5,7,"simple",1.12,"Rinorea amapensis",14,29.3311429112753,0.16
240071,6,7,24,1.242,110,1,5,"simple",1.58,"Rinorea amapensis",10,41.217371884455,0.316
113189,9,9,15,2.073,80,1.25,5,"simple",5.1,"Rinorea guianensis",14,130.465863894801,1.02
220861,7,8,5,1.605,150,1.25,5,"simple",1,"Rinorea guianensis",15,47.6276084273009,0.2
122759,8,8,22,2.037,138,1.5,5,"simple",2.42,"Rinorea racemosa",22,81.4428613305881,0.484
112986,9,9,22,2.821,294,1,5,"simple",1.42,"Rinoreocarpus ulei",29,69.1323606893282,0.284
113765,9,9,14,1.387,70,1.25,5,"simple",1.48,"Rinoreocarpus ulei",14,76.0590823649733,0.296
230275,6,7,26,1.981,264,1,9,"simple",2.14,"Ryania speciosa",11,40.7090300242216,0.237777777777778
153776,10,10,7,2.094,286,1,5,"simple",5.5,"Sacoglottis ceratocarpa",14,80.6104095034949,1.1
173601,10,10,4,1.107,59,1.125,5,"simple",3.35,"Sacoglottis guianensis",11,71.7383912304949,0.67
122751,9,9,15,1.699,247,1,10,"simple",1.83,"Sacoglottis mattogrossensis",15,24.6781320321408,0.183
112901,9,9,22,1.938,220,1.25,11,"simple",2.76,"Sarcaulus brasiliensis",19,28.9525837370596,0.250909090909091
132603,8,8,22,2.069,19,1.5,1,"compound",4.2,"Schefflera morototoni",19,73.2753495035479,4.2
220295,7,8,2,1.222,8,1,0.5,"even-pinnate",2.91,"Sclerolobium large.foliaceous.stipules.FITO",18,56.1154835301631,5.82
230338,6,7,26,2.632,20,2,0.5,"even-pinnate",6.9,"Sclerolobium large.foliaceous.stipules.FITO",11,85.3590083847652,13.8
111536,8,8,17,2.017,16,1,0.5,"even-pinnate",4.38,"Sclerolobium melanocarpum",13,70.0922813341681,8.76
240084,6,7,24,2.197,56,2,1,"even-pinnate",6.03,"Sclerolobium sp.4.FITO",16,90.5347172085025,6.03
202588,10,10,4,1.6,19,1.25,0.5,"compound",4.86,"Sclerolobium sp.8.FITO",11,94.9935388450886,9.72
112946,9,9,22,2.9,35,1,2,"compound",3.16,"Sclerolobium sp.A.PP",30,42.3885052156029,1.58
122656,9,9,14,1.938,99,1,5,"simple",3.18,"Scleronema micranthum",15,104.805075732858,0.636
122782,8,8,22,2.655,70,1,4,"simple",2.63,"Scleronema micranthum",21,126.866644759479,0.6575
142519,8,8,23,2.537,180,1.5,5,"simple",2.86,"Scleronema micranthum",24,98.0968040976892,0.572
153758,10,10,7,2.454,150,1,6,"simple",3.5,"Scleronema micranthum",21,100.27792514082,0.583333333333333
170171,10,10,7,2.253,176,1.125,6,"simple",3.57,"Scleronema micranthum",22,115.004428137226,0.595
172356,10,10,4,2.001,120,1.125,6,"simple",2.77,"Scleronema micranthum",14,80.2756380245673,0.461666666666667
230423,6,7,26,1.585,49,1,6,"simple",3.35,"Scleronema micranthum",15,114.821228625564,0.558333333333333
90472,8,8,19,0.897,32,1.25,0.5,"compound",1.31,"Simaba polyphylla",15,14.7470194723296,2.62
240066,6,7,24,1.872,20,1,0.5,"odd-pinnate",1.36,"Simaba polyphylla",19,17.7351692703,2.72
172317,10,10,4,1.615,418,1,10,"simple",1.76,"Siparuna cuspidata",13,25.6264662942475,0.176
173610,10,10,4,2.297,799,1.125,10,"simple",1.32,"Siparuna cuspidata",21,19.1146318128735,0.132
202636,10,10,4,1.488,525,1.5,10,"simple",1.98,"Siparuna cuspidata",12,29.8806681432754,0.198
220044,7,8,2,1.475,924,1,7,"simple",1.26,"Siparuna cuspidata",12,27.290893385047,0.18
240010,6,7,24,3.123,2500,1,10,"simple",0.83,"Siparuna cuspidata",30,16.556708329779,0.083
111419,8,8,16,1.817,1024,1.25,10,"simple",1,"Siparuna decipiens",13,17.954823323164,0.1
112020,8,8,16,3.112,1728,2,5,"simple",1.24,"Siparuna decipiens",17,37.5093655262794,0.248
220082,7,8,2,3.207,484,1.5,5,"simple",4.28,"Siparuna decipiens",28,109.538295021155,0.856
230283,6,7,26,0.817,63,1,5,"simple",2.67,"Siparuna decipiens",14,87.3352233671166,0.534
113281,9,9,15,2.399,14,1,2,"simple",5.48,"Siparuna pachyantha",24,464.230215869069,2.74
122172,10,10,6,1.778,120,3.5,6,"simple",3.86,"Siparuna sarmentosa",12,83.2527929062845,0.643333333333333
153871,10,10,7,1.231,50,1.125,5,"simple",4.03,"Siparuna sarmentosa",10,119.907160643186,0.806
100651,8,8,18,1.114,16,1.5,5,"simple",3.15,"Sloanea brachytepala",10,86.7480393839314,0.63
113019,9,9,22,1.261,18,1,4,"simple",6.25,"Sloanea eichleri",11,216.264870711706,1.5625
220540,7,8,3,3.577,686,1,5,"simple",3.19,"Sloanea laxiflora",35,82.4646297721949,0.638
230153,6,7,24,1.033,10,1,2,"simple",4.02,"Sloanea pubescens",10,211.870271418741,2.01
153815,10,10,7,2.099,17,1.125,1,"simple",12.33,"Sloanea rufa",15,1323.74016459501,12.33
120770,8,8,16,1.322,32,1.25,5,"simple",6.9,"Sloanea schomburgkii",10,129.139272692328,1.38
132769,8,8,22,1.191,11,1,3,"simple",3.72,"Sloanea schomburgkii",11,145.791136223365,1.24
132322,8,8,22,1.8,33,1,5,"simple",4.14,"Sloanea sp.9.FITO",17,110.294837847168,0.828
111811,8,8,16,1.867,810,1,10,"simple",1.27,"Sorocea muriculata",18,22.5151307353119,0.127
132301,8,8,22,1.857,220,1,10,"simple",2.66,"Sorocea muriculata",19,42.1467904050151,0.266
220046,7,8,2,1.717,624,1,15,"simple",2.58,"Sorocea muriculata",12,25.8036572478641,0.172
220178,7,8,2,2.305,1425,1,15,"simple",2.65,"Sorocea muriculata",16,25.6772001366278,0.176666666666667
220920,7,8,5,1.354,224,1,10,"simple",1.66,"Sorocea muriculata",14,27.2268219703947,0.166
240876,10,10,5,1.557,5,1.25,1,"bipinnate",4.86,"Stryphnodendron paniculatum",15,132.657067763649,4.86
240144,6,7,21,1.2,11,1,0.5,"bipinnated",2.72,"Stryphnodendron racemiferum",12,31.6209800201085,5.44
153673,10,10,7,2.109,455,1.5,3,"compound",1,"Swartzia cuspidata",14,13.1119903208475,0.333333333333333
242391,10,10,5,2.247,72,1,3,"compound",2.62,"Swartzia ingifolia",22,22.4051124765225,0.873333333333333
202443,10,10,4,1.305,126,1,5,"compound",0.84,"Swartzia longistipitata",12,7.10773388885851,0.168
173668,10,10,4,1.753,34,1,2,"compound",3.86,"Swartzia polyphylla",10,39.208681502166,1.93
113686,9,9,14,1.389,8,1,1,"compound",3.77,"Swartzia recurva",14,78.5834124366272,3.77
122551,9,9,14,1.835,3,1,1,"compound",5.2,"Swartzia reticulata",19,173.638750061027,5.2
122731,9,9,14,2.75,20,1.5,0.5,"compound",2.3,"Swartzia reticulata",27,127.793852584154,4.6
122776,8,8,22,2.029,14,1.25,1,"compound",3.83,"Swartzia reticulata",12,73.6567687159321,3.83
132776,8,8,23,1.559,4,1,0.5,"compound",2.75,"Swartzia reticulata",16,161.70030724565,5.5
113291,9,9,15,2.915,25.5,1,3,"compound",1.68,"Swartzia tessmannii",29,30.3675643273971,0.56
132527,8,8,22,1.411,6,1,1,"compound",1.33,"Tabebuia incana",13,100.006584834482,1.33
111765,8,8,16,2.384,78,1,3,"simple",3.66,"Tabernaemontana angulata",22,128.701673100403,1.22
132800,8,8,23,2.323,38,1,2,"simple",6.56,"Tabernaemontana muricata",23,313.239795493104,3.28
220072,7,8,2,1.414,30,1.5,3,"simple",6.62,"Tabernaemontana muricata",13,266.77762541279,2.20666666666667
220078,7,8,2,3.804,204,1.5,5,"simple",5.9,"Tabernaemontana muricata",33,139.272668448284,1.18
220394,7,8,2,1.712,16,1,2,"simple",3.43,"Tabernaemontana muricata",16,229.154946345242,1.715
113230,9,9,15,1.435,2.5,1,1,"compound",2.71,"Tachigali myrmecophila",14,85.0466043722187,2.71
173709,10,10,4,1.902,7,1.25,0.5,"compound",8.78,"Tachigali myrmecophila",19,483.62735363067,17.56
220526,7,8,3,1.423,7,1,1,"even-pinnate",12.89,"Tachigali plumbea",12,217.380460631803,12.89
120769,8,8,16,1.932,17.5,2,0.5,"compound",4,"Talisia cerasina",12,82.4964406367084,8
132511,8,8,22,1.443,22,1.25,0.5,"compound",3.5,"Talisia cerasina",13,69.2936872165037,7
132534,8,8,22,1.868,38,1.25,0.5,"compound",3.18,"Talisia cerasina",19,55.5307702335173,6.36
220487,7,8,3,1.868,22,1,1,"compound",7.75,"Talisia cerasina",17,70.9150475186885,7.75
230150,6,7,24,1.389,26,1,1,"compound",4.66,"Talisia cerasina",10,50.9931519019908,4.66
142759,10,10,7,1.937,8,1,1,"compound",5.02,"Talisia eximia",19,60.8752378885157,5.02
120339,8,8,16,1.542,12,1,0.5,"compound",3.98,"Talisia mollis",11,115.745053470449,7.96
132520,8,8,22,0.982,8,1.25,1,"compound",5.15,"Talisia mollis",10,73.1920200579076,5.15
220388,7,8,2,1.243,17,1.5,2,"compound",3.65,"Talisia mollis",13,37.1723990301614,1.825
220942,7,8,5,1.72,13.5,1,1,"compound",5.9,"Talisia mollis",18,124.016782784005,5.9
173585,10,10,4,1.635,6.5,1,0.5,"compound",7.42,"Talisia sp.2.FITO",17,150.21185742695,14.84
220285,7,8,2,1.528,24,1.5,1,"compound",3.25,"Talisia sp.6.FITO",13,50.6339914963193,3.25
111683,8,8,16,1.163,126,1,5,"simple",2.21,"Tapura amazonica",11,58.0290085458867,0.442
90445,8,8,19,2.489,200,1.75,5,"simple",3.69,"Tapura guianensis",22,66.3646273323248,0.738
122615,9,9,14,1.07,82,1.25,5,"simple",2.86,"Tapura guianensis",10,51.3531266808638,0.572
220351,7,8,2,2.741,187,1.5,5,"simple",3.65,"Tapura guianensis",27,54.1524972306909,0.73
220946,7,8,5,1.134,51,1,4,"simple",2.1,"Tapura guianensis",11,52.0362895997802,0.525
230463,6,7,26,1.214,76.5,1.5,5,"simple",3.75,"Tapura guianensis",11,78.99147095654,0.75
132307,8,8,22,1.258,19,1,1,"compound",2.04,"Tetragastris panamensis",116,32.013264395292,2.04
113455,9,9,15,2.397,16,1.25,4,"simple",6.36,"Theobroma subincanum",24,208.941443096815,1.59
172245,10,10,4,2.515,70,1.25,5,"simple",6.59,"Theobroma sylvestre",21,183.383642246919,1.318
173726,10,10,4,0.97,39,1,3,"simple",3.16,"Theobroma sylvestre",10,152.466279983707,1.05333333333333
173759,10,10,4,2.939,143,1.5,5,"simple",6.95,"Theobroma sylvestre",25,445.936739987132,1.39
220340,7,8,2,3.253,140,1.5,5,"simple",7.08,"Theobroma sylvestre",22,199.626880412945,1.416
220886,7,8,5,2.078,71.5,1.5,5,"simple",3.7,"Theobroma sylvestre",18,104.267634216158,0.74
122498,9,9,14,2.533,10,1,0.5,"compound",3.74,"Toulicia guianensis/pulvinata PP",22,67.1155692463425,7.48
100709,8,8,17,1.903,38,1,5,"simple",11.08,"Tovomita caloneura",18,221.863919354978,2.216
111393,8,8,16,2.8,78,1,5,"simple",6.32,"Tovomita caloneura",21,173.250289908885,1.264
240858,10,10,5,1.893,252,3,6,"simple",4.04,"Tovomita sp.1.FITO",10,64.1047654747282,0.673333333333333
122757,8,8,22,2.13,72,1.25,5,"simple",3.03,"Tovomita sp.2.FITO",15,60.9691978908531,0.606
153642,10,10,7,1.399,63,1.5,6,"simple",8.26,"Tovomita sp.2.FITO",11,354.734792428172,1.37666666666667
90646,8,8,19,1.312,42,1.25,3,"simple",4.25,"Tovomita sp.3.FITO",11,196.099386479453,1.41666666666667
111617,8,8,17,1.171,84,1,5,"simple",2.89,"Tovomita sp.4.FITO",11,68.4418709959987,0.578
230047,6,7,24,1.632,72,1,3,"compound",1.95,"Trichilia areolata",15,57.2109823235268,0.65
170160,10,10,7,1.318,15,1.125,3,"compound",2.42,"Trichilia micrantha",12,38.8644859219604,0.806666666666667
173649,10,10,4,1.385,7,1,1,"compound",2.99,"Trichilia micropetala",13,64.8185750720391,2.99
220523,7,8,3,1.573,5,1.25,1,"compound",5.48,"Trichilia pallida",15,131.241525079332,5.48
132290,8,8,23,1.657,11,1,0.5,"compound",3.76,"Trichilia pleeana",16,92.2073221166831,7.52
113271,9,9,15,1.1,5,1,1,"compound",5.48,"Trichilia rubra",11,117.819091444182,5.48
90692,8,8,20,2.047,20,1,0.5,"compound",3.23,"Trichilia schomburgkii",19,123.862178798488,6.46
111517,8,8,17,1.753,11,1,0.5,"compound",2.24,"Trichilia schomburgkii",18,77.1349423016298,4.48
111545,8,8,17,2.623,504,1,6,"simple",1.44,"Unonopsis duckei",23,42.6487377701147,0.24
113317,9,9,15,1.619,52,1,5,"simple",3.09,"Unonopsis duckei",17,86.7417727304581,0.618
220012,7,8,2,2.49,336,1,7,"simple",2.22,"Unonopsis duckei",21,47.8763745152463,0.317142857142857
230428,6,7,26,1.315,77,1,5,"simple",3.3,"Unonopsis duckei",10,86.5292420000758,0.66
230535,6,7,26,1.593,63,1,5,"simple",3.61,"Unonopsis stipitata",15,98.6790673829969,0.722
111655,8,8,17,1.968,190,1.5,5,"simple",1.54,"Vantanea micrantha",16,37.3024067626112,0.308
122785,9,9,15,1.454,65,1,5,"simple",5.92,"Virola calophylla",12,115.759610535003,1.184
80769,8,8,20,1.989,22,1.25,2,"simple",5.12,"Virola guggenheimii",15,463.888046458578,2.56
100715,8,8,17,1.79,46,1,5,"simple",2.39,"Virola guggenheimii",14,97.8080749134108,0.478
111404,8,8,16,1.665,12,1.5,1,"simple",2.04,"Virola guggenheimii",12,324.058203047841,2.04
220615,7,8,3,1.437,18,1,3,"simple",10.66,"Virola guggenheimii",12,722.544445961764,3.55333333333333
220195,7,8,2,2.254,80,1.5,5,"simple",1.79,"Virola michelii",22,59.0269984386329,0.358
240050,6,7,24,2.458,114,1,5,"simple",3.01,"Virola michelii",22,104.458542821161,0.602
90675,8,8,20,1.869,105,1,5,"simple",2.4,"Virola sebifera",18,63.9513144762634,0.48
230468,6,7,26,1.628,220,1.5,10,"simple",2.95,"Vismia sp.2.FITO",12,51.9917247205477,0.295
132581,8,8,22,2.583,37,1.25,2,"simple",6.13,"Vismia sp.A.PP",23,144.017321122825,3.065
133036,10,10,7,2.807,1161,1.75,12,"simple",1.5,"Xylopia benthamii",18,23.53087592695,0.125
122508,9,9,14,1.505,15,1.5,1,"bipinnate",3.72,"Zygia juruana",10,47.986001668147,3.72
220334,7,8,2,1.481,37.5,1.25,1,"geminate-pinnate",4.15,"Zygia juruana",14,89.1650510334814,4.15
230071,6,7,24,1.495,20,1,1,"geminate-pinnate",4.08,"Zygia juruana",10,99.9131904711895,4.08
81241,8,8,20,2.588,204,1,1,"bipinnate",1.4,"Zygia racemosa",21,1.02035052466383,1.4
220635,7,8,3,1.34,78,1,2.5,"bipinnated",1.71,"Zygia racemosa",13,0.685053142760656,0.684
230422,6,7,26,1.209,140,1,3,"bipinnated",1.75,"Zygia racemosa",10,0.719340786267204,0.583333333333333
